id,first_seen_at
6f35d0ec9f74a710e5ed1f731f183df52bbeeb35f733d66d33572b5362249a89,2025-10-30T15:54:29.313964-04:00
06b7fbccc392f86179d2864b4b6e783e40552a29c978c8f30ea71ab1bc480f23,2025-10-30T15:54:29.313964-04:00
40f4333e49070177b7cc47fe5de1e9cb2758c8f28791f005916d260356b58745,2025-10-30T15:54:29.313964-04:00
e23983d5e0ebdceed1238069f96ece0f795674d24d29c1e385b8f876d0574be8,2025-10-30T15:54:29.313964-04:00
e7b62633d3a48594585b81c740311e428b20ea296941c3a2eade4bec66f381ed,2025-10-30T15:54:29.313964-04:00
805367d32e9fe3c9fc2b03683558e7da701be622782e6289fa94946455eee05c,2025-10-30T15:54:29.313964-04:00
985ac9d21b74767bef4086b4f6ce6ae2d4c0750936bbe31022cbf02b739985e6,2025-10-30T15:54:29.313964-04:00
d116cfd915d3a7eedd7130530db4b29c70ecc0a902e095753ce9795a46479a19,2025-10-30T15:54:29.313964-04:00
8f275880d7d6a078bb2d662daadb8564d7777432e2596fbef8d529f4cbb4eb66,2025-10-30T15:54:29.313964-04:00
342d28c152f7273116ad601c5bd2d85518dfb8cdd9b0205adb3fa2980ea05964,2025-10-30T15:54:29.313964-04:00
9a33123cb877aaf4c9c29b938d0120c1c8ff518755509b5c9bf60a2793717db0,2025-10-30T15:54:29.313964-04:00
a41a72a024a93d4fa962fd6d83b9656c266b6d5b59143ac2f0787d83d483594c,2025-10-30T15:54:29.313964-04:00
2d27a67707562c0e949191b3b5f38fafc7520b68160717031e3eb98f3cd438c0,2025-10-30T15:54:29.313964-04:00
9746e9b24aa14c1a18df70274572c1bc1a79000bc2d12bd28947dbcbe41bcb1e,2025-10-30T15:54:29.313964-04:00
d73b724ab031d64749acde26f9df2a7ebc89fb3a907f9530ee6f094b04530760,2025-10-30T15:54:29.313964-04:00
9928769c4a8c01810978fe2e810b22296d8b98c49c4b705aa3368a4fb7236597,2025-10-30T15:54:29.313964-04:00
3302e9df2717b32e3ed77b26895981f213ea3b072ee8b78cceb2f71ed4a20d91,2025-10-30T15:54:29.313964-04:00
82c24afb4789629c57a0e637b22ded385b9841e98a890bc32c464f66c1ad5a0e,2025-10-30T15:54:29.313964-04:00
51ef475f971ccf7d0a40c1fbcfbdb8464238e1dc0c96e5db777e10468d268ba1,2025-10-30T15:54:29.313964-04:00
c10579354c861064eabdb746871eb5d70871593186b0b1084d0cdbaf93f33aac,2025-10-30T15:54:29.313964-04:00
24444c3c7943b5146918e9302339e4f8a24baf9fc1c99dd732f7d72b9150da1b,2025-10-30T15:54:29.313964-04:00
db8a4a728d2516e01cf964f98f8e1f47f244957965f11f40be076c1848d91744,2025-10-30T15:54:29.313964-04:00
ecf972c97af3154d3c6382f926507b67d5b4ffa6fa392bc6f72ca07d2682c9f3,2025-10-30T15:54:29.313964-04:00
3f36db77e6fbcf8c1d78f33e1c1dfb8b8626d54756cad1eeaf2137f55f78b6c3,2025-10-30T15:54:29.313964-04:00
a4d0273c70abd3e6371c84650fedd54105687e2c69fa87ff5ca2935a66f29476,2025-10-30T15:54:29.313964-04:00
b77b314bf1479f25385e62fbb004404b4ea155bef32bfa634c3d14f9b7677cb5,2025-10-30T15:54:29.313964-04:00
fe3282a05147a97d34eb6ed6da5bd58376c39335c7427e320d07b902ac396fc4,2025-10-30T15:54:29.313964-04:00
397b4c3e3ead51c54064a60a86243460f88cdce66d9672f3e0fd0aec008550fa,2025-10-30T15:54:29.313964-04:00
51f01202fc651136119e61afce3bb33e6c1ede03d6a8ed780b6170b8a043579f,2025-10-30T15:54:29.313964-04:00
509518e8d213f7e4bba390cd0e40d9fedddf77a3b167aebc72fe952f849c6de5,2025-10-30T15:54:29.313964-04:00
349fdfa8829ddf9183a23bf18279544bfe3fa37389006a4ba8b3fcfd961a777c,2025-10-30T15:54:29.313964-04:00
b8220d285e9bf073869b6177a701ce4485875cb4a3d371bc0bf42fa75d2bbc2d,2025-10-30T15:54:29.313964-04:00
d3f96b90a04865d32e41ab4950009aa7aca8832ef04da28f28ee16d035de02be,2025-10-30T15:54:29.313964-04:00
2045fef3d0f6848f229e11564721188d5e5accf9aa07bf972ffbd6d8b70fc19f,2025-10-30T15:54:29.313964-04:00
156bd5f2deb7c5a5cd0f9999c7944b74c546b40f93542738205a908d86fc9a4c,2025-10-30T15:54:29.313964-04:00
a708710e0558e0c8650759c9be3e5d588de9403627e06e1f60832494ac61440a,2025-10-30T15:54:29.313964-04:00
5e29d7c5d6cf09fc770349ee8b8f45bc961f64ef416af6429341564e736b8489,2025-10-30T15:54:29.313964-04:00
f41942ca22a32febdec9831c55580ef2a591024cc500d04e1f97a3cf226a1383,2025-10-30T15:54:29.313964-04:00
5f51e753a3881603b4af74a4ac92b091fd5ec6c0d9a49a1be7513bca30c46515,2025-10-30T15:54:29.313964-04:00
5e8dc7f6a64ba5fac30de4e5b105cf5636d8a862b671dad1adee09a2331f8ea7,2025-10-30T15:54:29.313964-04:00
c951b2a04403e8f3f251ad2be455fb044ab66c425eec64da18889a576393a1ac,2025-10-30T15:54:29.313964-04:00
884be4e4ce649976e887bf6f3fa9678366a8948c58a6b5206ff8739b20bda9df,2025-10-30T15:54:29.313964-04:00
a52b6941c3ed09018fdaf2f1d3e822079d1d6bdb40ec40eb5c4aeed092707585,2025-10-30T15:54:29.313964-04:00
e01739469cfd29eacb46443110e10eadc3395f475144abcf2bd1cfedcf26359b,2025-10-30T15:54:29.313964-04:00
163669f57fd729d3741d8fd4a4dc70317a743a382b9d8b79a5fccedfe9a5fbd1,2025-10-30T15:54:29.313964-04:00
7b3edd0026f9ae5891363de4703fc0dff39c896b757cdffc374a751860ee4b2e,2025-10-30T15:54:29.313964-04:00
77bbb4834723da5282d290baed2d90cbe25252c87021b09ff1cd5e6b523b0465,2025-10-30T15:54:29.313964-04:00
afd391fe641c45be1452673f5a139923b5635afe8a75d04986ec5af65963caa9,2025-10-30T15:54:29.313964-04:00
eecec10e040f15c385d3f166d8d2dfd4e295e4d9eb629f1870107ba12f17935d,2025-10-30T15:54:29.313964-04:00
27fde8d520d8d0f29de0b91e0718db5eea7d02164b0407a65f469e47b2b85108,2025-10-30T15:54:29.313964-04:00
038e572db0b4a7ea96e07bd1ddc0c175ccd652ddf5b8890e9c914a75fd62da57,2025-10-30T15:54:29.313964-04:00
57c419b57e7bd80aa1494e22209cab02fcd5333815a6a95f25fc374a76e87dfa,2025-10-30T15:54:29.313964-04:00
9d282273c5df0cbef07fd2dbb157ae448d3c0e4761281bcf5db7c06e6c6cd90a,2025-10-30T15:54:29.313964-04:00
0046650ddd48e08c79adc9f74c56334df680f25d6b113f6d2431f3c6f7c4682b,2025-10-30T15:54:29.313964-04:00
b9cf2fb1f23d15a67f3fbf45263cb719aa201c90e84139b3f649e3313e99822f,2025-10-30T15:54:29.313964-04:00
1777a013c83af5e02e553619815df3108cb52eab6a6ae9557537ff1222ade76c,2025-10-30T15:54:29.313964-04:00
8ca7a1db0dcdca8c983ce603772f4dedb7e59f9df735467feefcff2737376c2d,2025-10-30T15:54:29.313964-04:00
306fd93e3152c63a726c7346079a8d3608c58bda12e7c8f75f83a532887f309c,2025-10-30T15:54:29.313964-04:00
b615f4c42cb477f2afcdd44e8d2cb04a50f3b1f74895e5b84fe738e00f1f6763,2025-10-30T15:54:29.313964-04:00
9a7d20cb18c4a0fe624fc32746f4142cbd2f8fa8e406aa69fb370648d00f07df,2025-10-30T15:54:29.313964-04:00
aa6d6b01f4a1ad4e4ed20ef203f6c38c03662d14ae9652e5bd78be41f39f445b,2025-10-30T15:54:29.313964-04:00
4ef416b72ee642d6f92ffc4ec1def9e79e2a214c6399335a489542969f4b8b05,2025-10-30T15:54:29.313964-04:00
0a2535e81ed8948a4a2c4a4e14cfed6a864b782f13a2145a1951f4286d02b7fe,2025-10-30T15:54:29.313964-04:00
40c4c2d02914044a0098695b9a9d3b426db8537cd104b09c4ff01fc17dd84965,2025-10-30T15:54:29.313964-04:00
9963996d42e78bbd11112e0a49cdf9df0acef2f76a5e965ea5e54e30b97e2236,2025-10-30T15:54:29.313964-04:00
9d955c3e17833c54a185e2c55e76c52f00da4b7bc9bfa3e6fc2027a7717ee85d,2025-10-30T15:54:29.313964-04:00
4da1f78decd13995e1eeadf8f738e631832caa86642fbb0faf471fd4f51c5f45,2025-10-30T15:54:29.313964-04:00
79fcba9260e02aa6d977f2525a42ab9ac8094f178d2ce81ccba615cbd82971f8,2025-10-30T15:54:29.313964-04:00
d53bbc9ddce3f70f02d359dc4b35168f61ee2cf4f225b707d44f99982604bbd8,2025-10-30T15:54:29.313964-04:00
8417ce7f978b1dccc48c7449173b189280e459c886be9b286846e805b1413bef,2025-10-30T15:54:29.313964-04:00
41e2df498a7020d45a4b13b31f8ed7215d27236b277fde0b316df265ead3ae22,2025-10-30T15:54:29.313964-04:00
d849970373022169c9482029f621fe7d8d018a7c05ab5a3c9738a2ba5f33cf36,2025-10-30T15:54:29.313964-04:00
1e454a3561a31a233c0c4d0f1604457a93ce5ceb0e803ce79548f55d562cd54a,2025-10-30T15:54:29.313964-04:00
d88432add9f14a1451353c58127aebb299a93ea374354103df9009e737154754,2025-10-30T15:54:29.313964-04:00
5966036c70ed762c712859917bb53b1be07d561852cebd53809414cbef4d28fe,2025-10-30T15:54:29.313964-04:00
ff569f1c12e71d7901d2a4bc959c59ec26cf585c96f7b034e2a6921d5f713c4d,2025-10-30T15:54:29.313964-04:00
60fcaf1b5c387382872878c375dcbbc49c41985f23144f60fa4761661055bbd5,2025-10-30T15:54:29.313964-04:00
059a387d2c4ae25a6bb02c97c9d845e98f63e93bc78bf38c28646a188cbe6ef7,2025-10-30T15:54:29.313964-04:00
c3655525baa22f521e9895241048f6d55fe3ee280c4c0a18111a876f2230e1fb,2025-10-30T15:54:29.313964-04:00
0c212a4ef8eeb6537926193a0fe28ee82e6fd6fd2b6b14a97d15ff8b648e29f2,2025-10-30T15:54:29.313964-04:00
0a3acca3887fcc9417ddfd216f006952c55ff34c0cab40b9c632631f94513ec1,2025-10-30T15:54:29.313964-04:00
e0f8b3eb2a882895fd45431ed4d7a993b461839dbd213589c049307cf3df6a88,2025-10-30T15:54:29.313964-04:00
11c17fa596699d8ac852e089e53876c1f976f9b3f6f3abfb11ba25ec98400c31,2025-10-30T15:54:29.313964-04:00
85e5c52d0289468005faafb752c4b4ef2517d2a05de2e334a1c5f0a7780e7474,2025-10-30T15:54:29.313964-04:00
84507b4231e899afed1adbb93a9b148a954fb6e33b247e7c621fdf387555e641,2025-10-30T15:54:29.313964-04:00
803019862755a31ee4c9ead9dd4dd8fa522bae7a2b62ffc13b49260722b37e79,2025-10-30T15:54:29.313964-04:00
d7bdc6e985ce3ea856e38b0cc1aa3015dc0c65a31f6c7889e0004d398fc79b51,2025-10-30T15:54:29.313964-04:00
d304cb4242a4b3b268eda05c0c4e179cfaf5802990c2242fbcc5cc6dbe9aacb3,2025-10-30T15:54:29.313964-04:00
29f278fb51ef2e0ce3ab3520722671c42ea7f386878c550d0595612a5207a4c6,2025-10-30T15:54:29.313964-04:00
0ad4146d2fd29e1d4df595d9393d3d8c9c446a9980cce38eb1cc8bd48559f35f,2025-10-30T15:54:29.313964-04:00
04c36e868f1aa329d9168a2b8241aed6e31715ebf9589da7e024078442873d4b,2025-10-30T15:54:29.313964-04:00
c87849c25197d95b31ff4ae9b22bf6d3031b7ca88caff357dc270abbedac11f9,2025-10-30T15:54:29.313964-04:00
603dd4e1e790b6a6b2813c2d806d2f11f290013250ddfedfadef56ad331f107e,2025-10-30T15:54:29.313964-04:00
0b52037da9735403d4c5754c2f41e363f7dc712aa063ac2f62e19711d1b585da,2025-10-30T15:54:29.313964-04:00
913077c01d239cc4d9d72eab51a54fab0b784d91e03ac899189a9cbe381c2ab3,2025-10-30T15:54:29.313964-04:00
89722bc0d624fc2593cb76965a74e6fb36892fc87c2ee6cff9d94195e5f6fad9,2025-10-30T15:54:29.313964-04:00
26137050e71e173f96b3e0110ebe866bdadb186aa26d2a8f4eedbce61ebd0a7e,2025-10-30T15:54:29.313964-04:00
1306a83ae1e8aa185444fbfa826a9c8d4fabaf908dc12513b118c67e0cf8e8f8,2025-10-30T15:54:29.313964-04:00
ddd62d0f78d111c67e59aa169b3cc479544349246afea615f81a19b6fb20f615,2025-10-30T15:54:29.313964-04:00
9d9a20485ad39cef29b6b872f22c6bf519e3c80117efa148565a3933868c197e,2025-10-30T15:54:29.313964-04:00
5ef137ac426fafa5987a111aae5ebba2d03d8d86d435c672e03002c60c9dfcba,2025-10-30T15:54:29.313964-04:00
1d62026a4ee6f40e07e87a16ed053712134ea0cb01a95261cfd0c09e7ea6773a,2025-10-30T15:54:29.313964-04:00
083632b25bac802e0d9faa6426ec8038dcf19c6a8f810b3e4f619a0ff6fb198a,2025-10-30T15:54:29.313964-04:00
e0a09c7db72ff2cb0f50d749b786e047db77d79b7dfa148b14f38491c987a43e,2025-10-30T15:54:29.313964-04:00
34b6878ddba0a585933efe5d07c9908de0b598cfb04242ef2d2004b532afaf26,2025-10-30T15:54:29.313964-04:00
78102b6151aa0416e62129b6609b5a9549f13bad5c909d551ff03e12e0b7888b,2025-10-30T15:54:29.313964-04:00
daf522d7a2437a5a2bd17cd9d9b370eea121e89ab310b0ae2efa0de6ceacb717,2025-10-30T15:54:29.313964-04:00
9692661bef6c820fcccda386490de78ac51f61cdf2e370840256e56096ef9fe5,2025-10-30T15:54:29.313964-04:00
525016b98c77e231fe46dcca5f470302753cc2c6069dd99a24bec7980ddbf3a8,2025-10-30T15:54:29.313964-04:00
ba0a4ef3b8847432f37762f6c0397ff174c73a00b1e0faadf12434e495e4d3d8,2025-10-30T15:54:29.313964-04:00
578211d6bc660286c7172aec89185d5260e65efc5310c04662a8e3d2e5194056,2025-10-30T15:54:29.313964-04:00
e85ebb33b414fe742194c0ddc2488d1d653684543155e32cc30f5e1c831d59d0,2025-10-30T15:54:29.313964-04:00
f91f5e43bdde817750aa71f84deb656249346db39b9d9b7b1ea9cb0b16293d78,2025-10-30T15:54:29.313964-04:00
c0b595c814fd87ceb650124ab23003125f11029f48ffa05bf890ee85770a16c0,2025-10-30T15:54:29.313964-04:00
4707bdfa828aeee3d083f630769dd86ef376bb45a8e9af708f0a9a4921241c58,2025-10-30T15:54:29.313964-04:00
c465b8208a943f62fb3d9b94daa1e23580c7bdc2833561253a8d30ed6984899c,2025-10-30T15:54:29.313964-04:00
e538ef34ea2468843a6c02a5ed1452c6601e3307594d665ed3c81f4f61d39518,2025-10-30T15:54:29.313964-04:00
e6723fe8399e9989ad3f131f251cc440141e1624efeb48bfc254b29d72885b82,2025-10-30T15:54:29.313964-04:00
467b7a873e9027cf03eed585bc60724f5dda2608e4b2ae350a62e1292407cc76,2025-10-30T15:54:29.313964-04:00
3cfa0f2b0ae12638cf325148c8cc06de3cbba9b8ee2b24a80bb8062d708ec94b,2025-10-30T15:54:29.313964-04:00
567fcb3ea84c259d7dbe876c2fe72b7ab87267d4533a6ed6b9f5fe2037865c04,2025-10-30T15:54:29.313964-04:00
5ffcdf2152a3ed4ab0c705913fafb0c523a08118ff7bdf635e763da5ec89f2d6,2025-10-30T15:54:29.313964-04:00
9e3230a0e6fbe3798add33074fd615430aedf6166dec74275acdba01efe0a90c,2025-10-30T15:54:29.313964-04:00
d06ea1a91d3d964d38c9870360607d5ef087a0deab56257310b6a624a9b5e304,2025-10-30T15:54:29.313964-04:00
93b6c6ff42e66c4aa4c7e36b076e5e924c5adaeafb917f725e4bf386295a9193,2025-10-30T15:54:29.313964-04:00
f0b06c7a627932a46d7fba611831f29589090022e6fe59d3b2c447b64d99c00c,2025-10-30T15:54:29.313964-04:00
df52409e2c7616b6a01ced1071a596a5d0abaebcf7048fa42fc8adbec575c462,2025-10-30T15:54:29.313964-04:00
e0fbf169b36982ae664ae5a43cafce3f99813f76ba1b75aa5d078b25a23cbe07,2025-10-30T15:54:29.313964-04:00
456d8ebfff3e7b981ca40cc2da296856992d66db697d3ce9bf986c6faa578c3a,2025-10-30T15:54:29.313964-04:00
2f5b0015cfd4df03ea0c2d67b22ec4cc8343692bbc0841c40b10191b4ac043c7,2025-10-30T15:54:29.313964-04:00
fe17693827991210f3e818108477fc77c285c4bb39112e5fe4291705a31586ac,2025-10-30T15:54:29.313964-04:00
849d5bbfd1c158a5cac55f185e8dc064d4b57e43c4f1c8e4e6e208916d0e4963,2025-10-30T15:54:29.313964-04:00
49faa4535d914c976305847cbed59dd00a1f5812c226e74e7f0d306c939ca4c7,2025-10-30T15:54:29.313964-04:00
08438e9fffd4ca69f2a7bb16808ac6651758aada47448bd3e9e1023762c74351,2025-10-30T15:54:29.313964-04:00
97b89c712167a6ac7ea790e245217a6fbd6ddbf339a08c9ab724616ced33e9b5,2025-10-30T15:54:29.313964-04:00
5bb11c9109000aec1a7bade431adcb4fae65e6087a31918aca22c65c421f5c14,2025-10-30T15:54:29.313964-04:00
a15bab78d9cd333f85032f983f5977cd61cc53d358c5bfd43801cfcd72751bda,2025-10-30T15:54:29.313964-04:00
9f3026e48412bcd53efe13ec7c7ec5be295fb7ce8b5c66f936016e2b1fa7ffac,2025-10-30T15:54:29.313964-04:00
fb1fe65a967e334b94ffe5a7501f7c51d1da8ca3a7e00565683ad679228b6943,2025-10-30T15:54:29.313964-04:00
34e7377e82dba26572a2c700a09a1dfdb837a7f4f7f60ec24c484e025629c123,2025-10-30T15:54:29.313964-04:00
516a97d709228d3fc6053fa692e41758a24f9ba75780b2131973c163943ed724,2025-10-30T15:54:29.313964-04:00
c68e848b5757edfb4c1df388ecd38caa0f43fbfbbbe56b2602612317e99504c3,2025-10-30T15:54:29.313964-04:00
54c63646c58dc2ed919ae1d2bcf03b0955611f00c0cdb26fb98838683beb2c53,2025-10-30T15:54:29.313964-04:00
b0a935b20d14b05a865c915203e2e750ca1e34d3f5afff6dc03955f05ebda029,2025-10-30T15:54:29.313964-04:00
8471d8f723c75b75d043c191ddeffbe7374fbf24f8ce27aa6f85a160b2e28e48,2025-10-30T15:54:29.313964-04:00
1132105a72a9d2edb828833fdf83345fdb201afadbfc0c747127d36ff5cc0d56,2025-10-30T15:54:29.313964-04:00
d151df2f1e0c54e2ba63c6732f33fbe8bbe6bc757268755c190496c3a5f83b67,2025-10-30T15:54:29.313964-04:00
a920b35398c918e8416229ba8360d222d7369d560a29c78ac1b99242c08a483e,2025-10-30T15:54:29.313964-04:00
156daaeb660c2533c5eebde0fbee63ab4a1c5be17c0515b04bb30e4bd0981688,2025-10-30T15:54:29.313964-04:00
6bbd359d856ef0e7c9bc2174cecd45fba157c862e38cd740a229813e39c6bca6,2025-10-30T15:54:29.313964-04:00
3efdd6f05bc1b09e7a838938de6aaedf1250d191c6f164582dfce3666ab1609a,2025-10-30T15:54:29.313964-04:00
d75e4c1d38ca71219198e26254d783403dadc0ec98f89fe01f39d6430d4a9368,2025-10-30T15:54:29.313964-04:00
dbde062af9bc3df4a7580788ce11863b8b3707bb95a9d2a947e7d2e66cc80d2f,2025-10-30T15:54:29.313964-04:00
1c5401580e9184d713613f7dea2171b6d0c052cb3e3090cb6629d90b9de0985a,2025-10-30T15:54:29.313964-04:00
9f3f446e10d425107258bd2fc8cfadef60320c7826324d3d0c6de713834141a4,2025-10-30T15:54:29.313964-04:00
08a828bf8ed31024af939000488dd55e58eae965479a290dbdec40743ebdb9ee,2025-10-30T15:54:29.313964-04:00
8c66f69927cb61adb837d8dd55ef10b79b75524983903b39c5ae6be4b020945e,2025-10-30T15:54:29.313964-04:00
330f5c3f500b68dd34f1d921bc9c7cc787708ed274553f81433bbc2c66a68549,2025-10-30T15:54:29.313964-04:00
cb49bdadd512043b225561c3bf4f6e00e61abfdb3e5651414661aceab4a439bb,2025-10-30T15:54:29.313964-04:00
e58d40274a86db187776b3ee3e8fe047ce189951e061f43dfc18b6cc2cc40cf1,2025-10-30T15:54:29.313964-04:00
e7de90b9968fa46ca0150780e21c73e9df816733f6b137b690156714ccdf4265,2025-10-30T15:54:29.313964-04:00
0e5d22551f4a660a0f622ec01db6c6e0ca03a37c6bf38fd4cfdedfcf5e40fd4a,2025-10-30T15:54:29.313964-04:00
a7e3768bdf87613147c407dcd68d8cb809614eba59b30227df09e6895ca87ff8,2025-10-30T15:54:29.313964-04:00
a9bfe5c0c63f6019917d19dadbc0d98f1ba52cba00b2a0db64a8b8454ef4f0c8,2025-10-30T15:54:29.313964-04:00
a6ea5dde72f646297171cf1f77ccfc91e239fe211327391e214dc85964a95bb1,2025-10-30T15:54:29.313964-04:00
173f57b0facef0813c03d2057e3923da49720c713953ae28ac89e922c7127158,2025-10-30T15:54:29.313964-04:00
fc3a4fd78b8323f746847ef02a0093a8fbe0a9315a434dc67e0fdad53f843f7b,2025-10-30T15:54:29.313964-04:00
8d2b2f1517533eff3d0f4d83d81911f04f65dc8359edf033e437f92dd0d38b45,2025-10-30T15:54:29.313964-04:00
631132fc12ff11f396329134eb203fe760aa884b50a2037540fb96d15967e2b4,2025-10-30T15:54:29.313964-04:00
c32ff04f00eeaf540ebf859da7d3600ee8d83acb355e32c5abd2c31dfdf14163,2025-10-30T15:54:29.313964-04:00
82998a5b835ea762c3186395832769af13d9c8ae7394aa8d2c26b8882fc7d6f3,2025-10-30T15:54:29.313964-04:00
4e10cf9cc9326098f5b6e66e52ad397b16940f02f5bad32b8bcdb368b77f01b5,2025-10-30T15:54:29.313964-04:00
88ef70fadda468fcb40d218ad11bb3d312d40263e0fdc9dfb33b617caf69e680,2025-10-30T15:54:29.313964-04:00
4a3bfdd34763989229caadad3984260588b6c31abdd993f48fd9318dbc470beb,2025-10-30T15:54:29.313964-04:00
b67d16c980ea0b34b6bdf67897277aad2d59b7b07cea54b08dfd856374b90ea9,2025-10-30T15:54:29.313964-04:00
6c7edd5bdedc6fa0359a7c966c61adfe97150bdd6dd798161ecd0c8798d845b9,2025-10-30T15:54:29.313964-04:00
3bf9ec21abad7e7784c408dc179b8c47ad3ad484caae7d70d53167caa3c8f718,2025-10-30T15:54:29.313964-04:00
a895b6e59128b3da074d4e360d1798d971b44f06d4602cc52620f91b59306069,2025-10-30T15:54:29.313964-04:00
d9aff338773112bcb39f2d55a1809665973b6232b38c0addc746dbd476935e1c,2025-10-30T15:54:29.313964-04:00
a6af40a07741ec2346f1af3f316856cc4052a9b6be1298b64dd15183f4fe18fe,2025-10-30T15:54:29.313964-04:00
6089c677338e3bd32976e85ea3654bb92e4a3b99e7ac9b9210eb15e7bb0f11fc,2025-10-30T15:54:29.313964-04:00
0e17d1b044a254c82a68a266fe1fab9cd89cd1b246337a95d6d7ce9d01be3382,2025-10-30T15:54:29.313964-04:00
d47d988b7b3fda6e1ad0c9241ad4cb35dae3b8fc7df0a66a840aa987aa2ec0a8,2025-10-30T15:54:29.313964-04:00
2e7e78ea9700c2506f1a4eee1c14163786fcbaff01118d7a24806da26c4ecbe7,2025-10-30T15:54:29.313964-04:00
afd3e5a7fb15bcdd645348a3935265d7b862a2acc2961f341f634c49b678b971,2025-10-30T15:54:29.313964-04:00
75d9cf67f92feaeae40d7b96d6b7fed7622c2f7103bd3f59c59de7ae7c2bf1ac,2025-10-30T15:54:29.313964-04:00
4021ad53e02206c62939604e73775b9b354c63123ddfb16902f32ce36db2d45d,2025-10-30T15:54:29.313964-04:00
982adf78f9571ec9cc42868e1c80532db6080bbdba50a7ebc8edce3a759eff02,2025-10-30T15:54:29.313964-04:00
21b77e593a028d189e1b36e184e00c5d860c5e90f1bd24667ffa40038762174a,2025-10-30T15:54:29.313964-04:00
5e8a0b63b539e11b204c06239356c9f0b2ae568b4c9a000ee4336bb40b609006,2025-10-30T15:54:29.313964-04:00
89cfe2e4d9992591208b951b4207594471676ba672e8ef32f5275795a3706943,2025-10-30T15:54:29.313964-04:00
2945f8e22fc2de5b00d0f77462caf29bb859ab5e3057f3838932050e4700b932,2025-10-30T15:54:29.313964-04:00
0dff2f428ad6f4e3919a1252b1e47aab55f28075d106c78c303cea7c4dbb7dfe,2025-10-30T15:54:29.313964-04:00
ced671ec3af5458c6075d644a4ee412ca07512891fddc0f186eb14689ce09bfa,2025-10-30T15:54:29.313964-04:00
2db06d24949b3428980ffca4adce116ba56631a994498c0d372ba0e5db14ad29,2025-10-30T15:54:29.313964-04:00
84beaa0701c675e76a5793c0ed9407415f04d471898f760d897aacd90521af01,2025-10-30T15:54:29.313964-04:00
af01d2b281b5cdf2a24699ce188a83af1cc6082556bdfaf4761440d96b47c0ae,2025-10-30T15:54:29.313964-04:00
44ec0819acf5762064a0788d161a7c65cd336ae03475d7320dcb473d04152ece,2025-10-30T15:54:29.313964-04:00
0918a9d6f8cef671660fa6a32795adb8f6918bbf91e7e270998706d8eb073e5b,2025-10-30T15:54:29.313964-04:00
062610fd930d3d2fa28948429552b28230b195b62d5ab99ca242758a0f50690c,2025-10-30T15:54:29.313964-04:00
3d108c0d7ccb5f32c4cce3628fc4c5e4aa2ee340ae98aefecdd69bbb4cdf4190,2025-10-30T15:54:29.313964-04:00
46a8162f907e9ec700a1e21b3f6475c93d929af914afe5e045facb54dbc7147d,2025-10-30T15:54:29.313964-04:00
d15152f0fb3d22acc8aa67bcbbcb1a7211e1ed3702f0189451cc2b1acc182720,2025-10-30T15:54:29.313964-04:00
188bfdc2e6f9665ee892ad58f812cc9d56a421f3e65001ec33018f2eb0e67484,2025-10-30T15:54:29.313964-04:00
6a078297ba2ec29178a79a27aea9a4c0b8c41ae1d8f368307b066a71feb47289,2025-10-30T15:54:29.313964-04:00
4d1d7b71aca11fccc2f573863dc81bb3c41e8b85616c78062a37c915bfbcacbf,2025-10-30T15:54:29.313964-04:00
275edf6bb7f6d932fa4d54ccc11b77611d021536614d2e77560b5c966e9f6434,2025-10-30T15:54:29.313964-04:00
c459de629ab285db44db901d8325e9277e31b8187cb636c12896a630e98caa41,2025-10-30T15:54:29.313964-04:00
003d8aebf313d90e18b190c6164f33c3e974f5e4250e0808c42dfe51f51c2b68,2025-10-30T15:54:29.313964-04:00
61fc32be444a9a4672fd365e1d02088e4117cb526cf244734ed672aefd23e8e2,2025-10-30T15:54:29.313964-04:00
c6f3dd7fe02a1df21247123fb8e0e9d37ea234feec7e99c79eec78ffe1fa2d17,2025-10-30T15:54:29.313964-04:00
0f092e37b3907740de4983258d691df033da5fa492a7271b4b033ea2794fe42d,2025-10-30T15:54:29.313964-04:00
c117f6bd22a913ebd53df0d169341bef268b4b72882a6c74e3a580b8a1e7e019,2025-10-30T15:54:29.313964-04:00
f2b959e2802eae07b4a812df0b267671ce24edb1fdb18320f7dde7882dd66f6b,2025-10-30T15:54:29.313964-04:00
d338aae8c8d41ba904d7bbbeebe969ea251b707c50dfe27bac315a85a02fb48c,2025-10-30T15:54:29.313964-04:00
86e41bd580c7d77899e1d3877ced77e42eaaef6a772d58202b0dcc0208701451,2025-10-30T15:54:29.313964-04:00
93ef355c3aefa99e3ca2dbf961a73a0afc31b106b7e11de8c0168588b3c96b6f,2025-10-30T15:54:29.313964-04:00
08e7f31fc57feeb55a70ca22c3a993c01ad301556ab80b7d41e61c9c4261cd2a,2025-10-30T15:54:29.313964-04:00
829af3d48d5638f54b0293b5bd2c6902e6e9fb9312e50a8f44336eb847417420,2025-10-30T15:54:29.313964-04:00
e672e48ac402f200558b83e2a3bcc3668768b13b83402be6205541facdc4825f,2025-10-30T15:54:29.313964-04:00
c82e5c66ba0c4e9a44ce3c8795d3eb94eecdeb30b7eb3d51d77383dcb482a2dc,2025-10-30T15:54:29.313964-04:00
218592cef954ebe7e619b8c9de038e0bdbacd9b33c9a5ce1afb6546f8d1a6f7c,2025-10-30T15:54:29.313964-04:00
9ea2649af3efecb3ad37fa6b9f9eb7c283083151249ba4dae928520cd3799616,2025-10-30T15:54:29.313964-04:00
ef5a1827b7b99f53605a0301a9e2f28f8e0635ac3ecdeb3e5ededd46ab01ccc7,2025-10-30T15:54:29.313964-04:00
1f9f3ebd69f3ac19675566728a79e92db2888584b13fd90565dc8fcdca71177b,2025-10-30T15:54:29.313964-04:00
01fb856d035214cb6dea2b4a246b3824b818f904c735c90476634313ad509330,2025-10-30T15:54:29.313964-04:00
c3be16c7707d3a52f3c77a8ffad26300d5cd3666e52ce4647f11ae8d1d16ef6d,2025-10-30T15:54:29.313964-04:00
66b70ba77be37f498d110d0075a6213876907454842f0f2e615b2ec954b21f5a,2025-10-30T15:54:29.313964-04:00
9d28fa8a0a2dfed0618409e323a7f6c1de16668ed888f18153bb7019f27b18d1,2025-10-30T15:54:29.313964-04:00
9e81116279f696b3a0489de9bd45bf2db4e3e723789f97e1549066efee750554,2025-10-30T15:54:29.313964-04:00
b5d6e30ce0431ad59aadcff15c5908782a476cad54c5320c2e16de66b7aff103,2025-10-30T15:54:29.313964-04:00
0376cfd9d5d3965c423456f21c78a948b474ca3faf3ddab78925384d44840d0d,2025-10-30T15:54:29.313964-04:00
e2a024e2bc1fe82fbe44972e7a498b10f15a63abe434d90e9ba08564fdfcf215,2025-10-30T15:54:29.313964-04:00
cad08f782fb9989999dba96a235d6639238d72ddf0a3d2cfe7943f558d0b07b7,2025-10-30T15:54:29.313964-04:00
30ea09014c0426308889fdb1b9791fbcfadcae82b64f2373ee9996514680ee96,2025-10-30T15:54:29.313964-04:00
767994da054eb61c05944c006835da6c68d8ac0fea81fafd08fd4cff697bc1cd,2025-10-30T15:54:29.313964-04:00
270af964296785eeea407907df6145983ff23214567dbc30b3c921d8787902d9,2025-10-30T15:54:29.313964-04:00
e9131ec665c86fac0a501321d6fc67c8942a5f459a81dd8b0051c3ad113bfeca,2025-10-30T15:54:29.313964-04:00
81879cd243cab953f592c2ec5f2afeeb91cfcac0bcbc1edd253d782f8cf201d9,2025-10-30T15:54:29.313964-04:00
9b4b2692ad3ced372d5e5a08819d2155ea68128a30f3efd529b99b6f9e6f383d,2025-10-30T15:54:29.313964-04:00
b0fde7189251f66e47e0bcfea2b21045833e61edbaa944c9271d90b3e20435f8,2025-10-30T15:54:29.313964-04:00
b8ca78ecb29fe0019752162321e771cb5bb050c9f53e28d253c42974677fd24c,2025-10-30T15:54:29.313964-04:00
0f9150ddf80096ccd6829478a203bc1975f096d3bde9aead9488d286a765ffd9,2025-10-30T15:54:29.313964-04:00
5d0999ea64cadc8b4ab18c113a47f89ed1e2e4a8621ffddecce41c16a05f96d8,2025-10-30T15:54:29.313964-04:00
ab2d77e22bdb9c1a8914be953b3c9ee6eabc213720745b7873e1db3ddda4de2b,2025-10-30T15:54:29.313964-04:00
27a5693a1aa6f82349d317843449d5fa5c3f3c54fb011624b8e3db5bc902180b,2025-10-30T15:54:29.313964-04:00
b1978d7152b651da98a61903f798c6e2e261399204d103bf0c3afb2976f40c3f,2025-10-30T15:54:29.313964-04:00
60a111df95440a72b0753ccb9f6d802e47777d4394b9cad2bfcbe08a499c6dfe,2025-10-30T15:54:29.313964-04:00
467fcb502698f88861e23386fd328f3b28ff17228fc7e411f3cb7cd2953909ad,2025-10-30T15:54:29.313964-04:00
30bf448293f5e0a45380a8e90f7ad06e1b4c2bb0739d923c806088a984e614d0,2025-10-30T15:54:29.313964-04:00
f23f02f762418ca24c01d7b914764d9d75e84cc11a78b192af26122392260b56,2025-10-30T15:54:29.313964-04:00
abb436ced3e23185cfe5a439c00a507a320ede0751c429d4bf465a7993891de7,2025-10-30T15:54:29.313964-04:00
835355d432f818202f733e52a0f7584a72fc7818d765a3cbd1033ff52e93983f,2025-10-30T15:54:29.313964-04:00
0997d7c16f905e07d41973a5090b6b8617d39391ca940301c77e44107c54c89d,2025-10-30T15:54:29.313964-04:00
b69d92d438cc9153e42c0be64e497b6248a9c3208b833cc5c1824e156ee413ae,2025-10-30T15:54:29.313964-04:00
7f527ed17607355a80951d1a892dea0a763d95a5266ddc3fe332fb2785db49d1,2025-10-30T15:54:29.313964-04:00
320757e5b6f04f59eb109d50818141c34d1202c9f2d3083c823ae01960592b73,2025-10-30T15:54:29.313964-04:00
fd2395dbb3bf512efebb0e487aaba3b6513263faf1ef421effc2f441d1d7c834,2025-10-30T15:54:29.313964-04:00
63d984ed66028d8f03cd6537b4464d0fb05c19f5ff3df3eaa599eb494383d381,2025-10-30T15:54:29.313964-04:00
917d39d016b7f9816b7a4766138276b8b74b09803572e90c8ba4a096ff1e976b,2025-10-30T15:54:29.313964-04:00
22fe495f42edb065f98ed3583e393ef1e2435770b343ac00904faf205c2064df,2025-10-30T15:54:29.313964-04:00
c00b35ad767a711a55758981a6541b7f83ce50e4ce5cc6f40de2c9bcd299fbd3,2025-10-30T15:54:29.313964-04:00
b61bdbab2eb0880e741e99c7ea1e0f058e02a4e29ac04fdc86a7b5cb7c0fa814,2025-10-30T15:54:29.313964-04:00
4d836698bbc326f82d08eb2111b517ce1001d94adccb27e303ccf152b6d8414a,2025-10-30T15:54:29.313964-04:00
6c1b0c05b9f4a957dd4bd2421e29076f491d80bb307b012c0aeab58afc388b16,2025-10-30T15:54:29.313964-04:00
5e05756bd987b7267e2c1ade8b9a30b3415117817af251b5a7f892bef82264ee,2025-10-30T15:54:29.313964-04:00
785384ee63d3b4bee67ad917fcf139c95508c67120d2bcd50c04acbbd231f7b9,2025-10-30T15:54:29.313964-04:00
7cb34f6ef2eba4a409ed214877c93221dd7c56fc6f0bb3874dd51eda37327f8a,2025-10-30T15:54:29.313964-04:00
75ba00e44a5e61fc5b395e71d9bfa3abd5c09c42b214ca9a159f8de7674ee386,2025-10-30T15:54:29.313964-04:00
7c3e7d1c15eefd70d9b9ba9c1f03f725fd7fe7e919a27b954905aac101e8ed69,2025-10-30T15:54:29.313964-04:00
4954c4c822433f46b2999199fe9a16d5b87f1cd66f769ab43424f96149652f5e,2025-10-30T15:54:29.313964-04:00
75879b175a2afec417944463f73c5a34efcfeeed977d62279ec7126834a3061a,2025-10-30T15:54:29.313964-04:00
0b90199c94b0ff3e12299f7e7e75e3e4e19dddff24f4e8599f6020eb426660c2,2025-10-30T15:54:29.313964-04:00
1f979a74dc6953686a2cf0a76313f4a75eb50224ffeae33407d3e412a077f569,2025-10-30T15:54:29.313964-04:00
613846708cc72ce92c7082720d94f6f76082d1f00af21fc8565fab45149608ed,2025-10-30T15:54:29.313964-04:00
4ecf14b7ff2f17a9e215dd519e76091612c996fb44852ba6f48a4ab587c8ec77,2025-10-30T15:54:29.313964-04:00
bd9a8e12764998cd8c63db1563e75ba141eb3e5b9292bbb8a0dbdb870009c5be,2025-10-30T15:54:29.313964-04:00
ad0be5237fd0aa8870c956198419bd1da3a414e9c12e7ab89d54ec8c08b29e85,2025-10-30T15:54:29.313964-04:00
1de1ca519fdee0f332e7c2d68382515614dba4576d65c87d75b3413f6a065db7,2025-10-30T15:54:29.313964-04:00
ef0a0b5ac232a0dd3e420627c4bf8c9eeb9781b648ddaed4416f61293932c11b,2025-10-30T15:54:29.313964-04:00
219c0dc6868dfe8c47c7474763835d8ccdbec0632eedec90bcae5c96a23fce4c,2025-10-30T15:54:29.313964-04:00
b514dc2bdfed6ed9ce5de825bda60943d10a71c570df421bba07a542cb969c26,2025-10-30T15:54:29.313964-04:00
fdca6b045cfae5363c0c7e6a017a3f88f557fbaf86355d4ef1fa1981b97ede38,2025-10-30T15:54:29.313964-04:00
65c16ed573c38f4564cc6a236789ccc29a8897f819eb4c2c2b71d91e080f31d5,2025-10-30T15:54:29.313964-04:00
2faab26f9a54fa538a33ea62e306326fad6a9c27bce5b2485f489e326aefad97,2025-10-30T15:54:29.313964-04:00
d3a640114c157058f5f180d2a5dfebbb75de7effaf1485ebaaf5372230797d08,2025-10-30T15:54:29.313964-04:00
1aaf39bcd558c91eb2186626776a5370f18a0ccd930be18fb340d51c1da79160,2025-10-30T15:54:29.313964-04:00
7c0fa23417ad7a949e04a6c428ab0fe7cdad78df2a34600c18babe28914bca6c,2025-10-30T15:54:29.313964-04:00
d427bff744a94771f6169c5882744c3d505017374a6a8b634053e53a974a3152,2025-10-30T15:54:29.313964-04:00
21e2098eac9e9d9f1ad5b3a5f494e92c46d3e5eb1a675fcaa6baf7ae5ac6c78c,2025-10-30T15:54:29.313964-04:00
b136b0ff5538c5e453e8d4e19684d2be6569b2d41f4b103a6fbd7957708fe95e,2025-10-30T15:54:29.313964-04:00
7203f210452b6743fd0fb5e33d8fee53c238bc753f423f5d44bb5e3337fa854b,2025-10-30T15:54:29.313964-04:00
22c074a0db16ccb6030de3bf3ee1136481fb903a7d987c04abad179b099b7c88,2025-10-30T15:54:29.313964-04:00
409be8a55bd5ee55774674231fbb92ca8fb4333f6bc8b16a0ddafe5052bad18c,2025-10-30T15:54:29.313964-04:00
bac3f25d048d9d824720e0f78e23d30af00e8a78a4b88398cd3d1ed907fafe5f,2025-10-30T15:54:29.313964-04:00
e3b90b23d4f58686eedf2b48bb56a1b411dae61761736af5cd0af3e375dd6fe5,2025-10-30T15:54:29.313964-04:00
5d7e37d6a40bdcf2ccd0d385595e323536acb8099215fb2de497a75786fe7312,2025-10-30T15:54:29.313964-04:00
04783fe91730fdd7cc3b922587699ba0f7fed5a6d983e89919a2313c00ac4de4,2025-10-30T15:54:29.313964-04:00
02f1dfe86257a749ad8f588071d7d68924fbf2b49a1d42b80fc31899143950fb,2025-10-30T15:54:29.313964-04:00
25e45bc17c4a2ec4e67eff6d01f94b8ecc5ea6d096c97a2755531a6b158b83fe,2025-10-30T15:54:29.313964-04:00
683a0cbbdd4c39c821585a391a0d0ec1cde08827ef65d7082e866010bfaa6dfe,2025-10-30T15:54:29.313964-04:00
4edf24134c0a8e67bd3318e44f4c983095a3a6522df930b541d45de9dd3fe2f1,2025-10-30T15:54:29.313964-04:00
2d31075d6c8c8ed218f5b7d99a939a63ba7796f0a9b08c431bfad77637b4284c,2025-10-30T15:54:29.313964-04:00
d00a312bdcac24467ccc03603a22fd32d247e081ea5c38da3402bdf2de15074a,2025-10-30T15:54:29.313964-04:00
5a1056e6ecccec46bcad9847b7255a15d39278a1cf3b132daece1b31477c8bd1,2025-10-30T15:54:29.313964-04:00
cc2200ac8a45168c42739952359f38b391ee56705bb37b8ce0b9a51dac56286e,2025-10-30T15:54:29.313964-04:00
53499b170c370172f2b1bc9a544a40cd6b4ea50aa01558b55b040c7ec53f4bd4,2025-10-30T15:54:29.313964-04:00
0c95213967fe8bf68a6e71f515bd3ecab069a2bd7abcbb654d1fcf3c0bd3d583,2025-10-30T15:54:29.313964-04:00
3832308427d537a12465bce5097b539c3dcc13b8033770a826b80944e608f484,2025-10-30T15:54:29.313964-04:00
97eb7e7859643d787c07d51f670a22d41370075acaae0c2c69d2926568744bef,2025-10-30T15:54:29.313964-04:00
89f15bbdccd2ea1c95c3cb4983c1bd2677d04881c9e8596992510eeff829d175,2025-10-30T15:54:29.313964-04:00
efd35f6ca8b95e84e5af0cf229f18ccc0399a09d6a96df240dd3920c7751e36a,2025-10-30T15:54:29.313964-04:00
c294235d25b7cf9ad6b4fea61e2eda6022d5c67161dee4f2e3dc7ae487c0e787,2025-10-30T15:54:29.313964-04:00
b593cf7e74aca6ce18fb8f771641f63f16c8e18740beb06184c3d3f106fa3f72,2025-10-30T15:54:29.313964-04:00
2ba165dc816536a1d6ae484a6f188e024bbae43b0dfac0c5852e3b0936d5cf55,2025-10-30T15:54:29.313964-04:00
81aca3fee70495e9d6696b5b8f8a809e382e51fce44d61ff4c7bd0780821e07e,2025-10-30T15:54:29.313964-04:00
ccdad7750837110578ca00a24ee643bbd98fd15996749f9c10552b0e968e5640,2025-10-30T15:54:29.313964-04:00
8096a241550bd7b7c26cc53c0a4ad54bb37c7ebec81bf8e7394f779d3f8aff34,2025-10-30T15:54:29.313964-04:00
3509fe8d3f70f12d090631479f3cbd0181814eb6956d0a54bf358c2bec77f6e3,2025-10-30T15:54:29.313964-04:00
40e7f06d8d971cebb2b9c6aa2984178133c171b60bd4840b8325c2986acafaab,2025-10-30T15:54:29.313964-04:00
6d62143e81f1ac66c537c575628d2ad5abc4da880f4c7a588ec29c2c9738a2c9,2025-10-30T15:54:29.313964-04:00
86cfbd0195f5de760870bd4c9347d2fc7655da687484ef234a0d67d189e90579,2025-10-30T15:54:29.313964-04:00
7f0e0ddf3fccea9cb8da92430fba2b1c4bd5c8ef13723217476be2b1a7fdd761,2025-10-30T15:54:29.313964-04:00
8f889e2db84af023e2aa5b341981d2239be5748153669702b57a803b57781856,2025-10-30T15:54:29.313964-04:00
6c6037995eddd8d19ad55d9fc54d17b6137ab13566d69dda1f602b9c1f6dc4c7,2025-10-30T15:54:29.313964-04:00
6b4c1f8625eafcd0b6978ac76e5d9ccc9baa42b01e60493565532435653e6f7f,2025-10-30T15:54:29.313964-04:00
4f2e0d3addac4a9760ea14481ae12e9bfbb17cc7640522857714e31285639a8b,2025-10-30T15:54:29.313964-04:00
3ed52d0ebfb799c476d0814897bb026dc40e997b8cd7f22e189e3bb2ce446cc0,2025-10-30T15:54:29.313964-04:00
e8c38b8e383518c10f575c524386f0b888bc6c84fd6641ecbc6b4b1261b81294,2025-10-30T15:54:29.313964-04:00
ef7bc3e8ca6e6ac711bead25ff7502a164562f0ee74af75a3951fac97b531ad3,2025-10-30T15:54:29.313964-04:00
abe5f43d34cea6cd3def02622ff39a4072b6f1d10fef12111beabe5e805364b6,2025-10-30T15:54:29.313964-04:00
567fcb3ea84c259d7dbe876c2fe72b7ab87267d4533a6ed6b9f5fe2037865c04,2025-10-30T15:54:29.313964-04:00
3647a726d30063e27385ee57ad5794d506518598476e98bb00e833e24ad8ceb8,2025-10-30T15:54:29.313964-04:00
aaa30fa5035d854d41131c45edc9bf6c427e029d4e045c2914471e53f800cec5,2025-10-30T15:54:29.313964-04:00
4f38b0c140c48da3064acd9eeb8edfc3471bfbf845ccb4555c9df66e95cbeea3,2025-10-30T15:54:29.313964-04:00
e2cef9e855b3b1ee427ee04d880537ae2ecf506095e76ebd50032337aca70072,2025-10-30T15:54:29.313964-04:00
0d39afbfb0a7e09d40447377bebc268913b952a647c797db17c70e1d3d1ce1ae,2025-10-30T15:54:29.313964-04:00
00d00891d45c09468723f79acf1dc5164d1172787af275a9dee456c2b387a71a,2025-10-30T15:54:29.313964-04:00
5ff6eeb8851ec8961b9d645dbdebfe9e1e92560c5db542b0082a8a94ab5a5cdd,2025-10-30T15:54:29.313964-04:00
9a9f5f1c0e65607acb07fc4d6ac095fe2c80ac951948aada17c499545e7c70e1,2025-10-30T15:54:29.313964-04:00
9c6f8abf6e7f63aa3a9b5dfffba37d2022c48f8aa863f404d6b2ea8d276f208a,2025-10-30T15:54:29.313964-04:00
3174fe2134e1990e96a45abe51e43e40eed5cbda72bdff38db7d5bccf11a0a4d,2025-10-30T15:54:29.313964-04:00
42077c93242ecf37cf0365251c74d08501d9c188c0f722522193b85ba866e41a,2025-10-30T15:54:29.313964-04:00
e4946f52ae9ea31e41e50797595923734fa82124a9a4c5318fbb6df3547fd187,2025-10-30T15:54:29.313964-04:00
f17465743c696df33d6fdeafe4bed8fcf44dd8c5287ac114554aa8e6fb7bccea,2025-10-30T15:54:29.313964-04:00
ccbc10fb8b6f8c8e0fd00fd27cf78b386975553607638600b7df6561e9eae784,2025-10-30T15:54:29.313964-04:00
32d5476394b821bf03b61083a767a85df28832e0991b2e306d1aef1364501c22,2025-10-30T15:54:29.313964-04:00
b00a9cef06e508f360b0bcfc0a3e3319251288b39a3e2088907fb653c1b9ff4c,2025-10-30T15:54:29.313964-04:00
1ad25c3a1db3e231b657548eebdf98a7365c6a6e324a9129d1937148a3949990,2025-10-30T15:54:29.313964-04:00
9ac3d429c4dfa1fe821f85f3aa7e00bdbdcd44aa36d7f4bc79cf1a2bffcf5106,2025-10-30T15:54:29.313964-04:00
38801cb84fce3409f9bebdc0f9005deb1a17c2f6f6b9451f17c74fbcdaea7251,2025-10-30T15:54:29.313964-04:00
5d497349ccf924f0b6d05f737dfd78c701b11824198ed3b1eb63633ada79a429,2025-10-30T15:54:29.313964-04:00
84ce155a74a1c9cd404cd92fd9a7fc750486364b30f543bb18ff655781836965,2025-10-30T15:54:29.313964-04:00
ed46b7f64a6f6478fbc08333bc2a6e9cb6a16d53ad9bfa5d4949f02591f8d1f9,2025-10-30T15:54:29.313964-04:00
a66cd758c97e0bf19ef5dda7331d646dce079837a79200aeccabed02659b7cac,2025-10-30T15:54:29.313964-04:00
9761dc80be61ecde1fb45a5dd37b1f81cebecdcb1ee532ed32ede29ff5462e5c,2025-10-30T15:54:29.313964-04:00
11585baf3829c9024d80cae73a814981e34ccbd77d48c5fbaca66cfeb758e874,2025-10-30T15:54:29.313964-04:00
de40fc3512a283dfc688412124450cb4426243d838b1ac5519c7239ea3339b9a,2025-10-30T15:54:29.313964-04:00
d09879c2fd41b4ddefe86f8afe3cc561b8e770400896857f5693b9031b161e4b,2025-10-30T15:54:29.313964-04:00
574ba8384ff372e8ad0b0dc1817cee04907edfcf331300b5db96f48874c89d21,2025-10-30T15:54:29.313964-04:00
500645e0451ed3b0a7d296f6506ec2dc3caa4d7c0b13781207b26ef06358cc5c,2025-10-30T15:54:29.313964-04:00
dc5eed5058dd64b292750d466f407da2eaad9bf94ed5a3a7a7f936f88a3fe23d,2025-10-30T15:54:29.313964-04:00
8f8f7deeb8ecfc059d13771ba5501e0b3c0162028cd6bf8aeaf8e4c4490d0f55,2025-10-30T15:54:29.313964-04:00
b5e1e1c3e2c2de826b251f1081c89b6c83b58736535f02644bc8e71bfccd981d,2025-10-30T15:54:29.313964-04:00
313259dd7ab4a1d5f36dcc0f06123fbfb0fbe472d7ed815872fd7eaa7c5fd549,2025-10-30T15:54:29.313964-04:00
43b808a4b85228d184313cbdbb4e4ba65a41ea091ca877608bbf502f792a208a,2025-10-30T15:54:29.313964-04:00
5c8b76d093f45b6df38e2a64a34fc8a7fd3c49ff4e729a13801d8590cf84ac8a,2025-10-30T15:54:29.313964-04:00
97a1c55a720613cafe4bf2b1b5f06db5b0a3d4d9fa5b68c9198dffd698b861d7,2025-10-30T15:54:29.313964-04:00
